NC_045512.2,241,C,T,225.417
NC_045512.2,1142,CTTGATGG,CGATGG,9.7103
NC_045512.2,1738,GAAAGGTT,GAAAAGGTT,6.65482
NC_045512.2,2470,C,T,191.286
NC_045512.2,2493,AGGG,AGG,5.80321
NC_045512.2,2832,A,G,169.858
NC_045512.2,3037,C,T,225.417
NC_045512.2,5386,T,G,150.353
NC_045512.2,6512,AGTTT,AT,228.357
NC_045512.2,7813,TTCTCTCTCTC,TTCTCTCTC,16.0543
NC_045512.2,7926,C,T,228.402
NC_045512.2,8835,T,C,40.551
NC_045512.2,8887,ACGC,AC,4.52249
NC_045512.2,9627,CTTTTTT,CTTTT,50.6812
NC_045512.2,10029,C,T,228.424
NC_045512.2,10206,ACCC,ACC,16.9278
NC_045512.2,10449,C,A,228.398
NC_045512.2,11282,AGTTTGTCTGGTTT,AGTTT,228.183
NC_045512.2,11537,A,G,228.404
NC_045512.2,12196,TAAAAA,TAAA,17.5116
NC_045512.2,13195,T,C,228.4
NC_045512.2,14408,C,T,228.376
NC_045512.2,15240,C,T,228.41
NC_045512.2,18163,A,G,59.9723
NC_045512.2,20207,AGAGT,AAGT,53.2495
NC_045512.2,21762,C,T,192.421
NC_045512.2,21764,ATACATGTCTCTGG,ATCTCTGG,228.397
NC_045512.2,21846,C,T,222.426
NC_045512.2,21986,GGTGTTTATTACC,GACC,228.203
NC_045512.2,21995,T,G,57.3595
NC_045512.2,22578,G,A,225.417
NC_045512.2,22599,G,A,228.417
NC_045512.2,22673,T,C,228.275
NC_045512.2,22674,C,T,208.277
NC_045512.2,22679,T,C,225.394
NC_045512.2,22686,C,T,228.381
NC_045512.2,22992,G,A,228.42
NC_045512.2,22995,C,A,228.421
NC_045512.2,23013,A,C,228.426
NC_045512.2,23040,A,G,228.414
NC_045512.2,23048,G,A,228.383
NC_045512.2,23055,A,G,228.366
NC_045512.2,23063,A,T,228.43
NC_045512.2,23075,T,C,228.413
NC_045512.2,23202,C,A,228.431
NC_045512.2,23403,A,G,201.416
NC_045512.2,23525,C,T,225.417
NC_045512.2,23599,T,G,228.397
NC_045512.2,23604,C,A,225.417
NC_045512.2,23666,GAAAA,GAAAAA,44.7944
NC_045512.2,23948,G,T,228.419
NC_045512.2,24130,C,A,228.427
NC_045512.2,24424,A,T,122.952
NC_045512.2,24469,T,A,228.401
NC_045512.2,24503,C,T,228.318
NC_045512.2,25000,C,T,225.417
NC_045512.2,25584,C,T,228.422
NC_045512.2,26530,A,G,223.409
NC_045512.2,26561,TAAAAA,TAAA,6.44034
NC_045512.2,26577,C,G,68.6324
NC_045512.2,26709,G,A,214.393
NC_045512.2,27259,A,C,228.391
NC_045512.2,27791,CTTTTT,CTTTT,7.33462
NC_045512.2,27807,C,T,228.423
NC_045512.2,28271,A,T,228.422
NC_045512.2,28311,C,T,228.372
NC_045512.2,28363,A,T,78.1948
NC_045512.2,28881,G,A,228.401
NC_045512.2,28882,G,A,228.398
NC_045512.2,28883,G,C,228.432
