Position,Ref_Base,Alt_Base,Is_Indel,QUAL
241,C,T,0,225.417
1142,X,X,1,9.1578
1738,X,X,1,6.05979
2470,C,T,0,191.15
2493,X,X,1,5.27212
2832,A,G,0,221.129
3037,C,T,0,225.417
5386,T,G,0,150.276
6512,X,X,1,228.28
6760,T,C,0,92.844
7813,X,X,1,136.301
7926,C,T,0,228.373
8393,G,A,0,59.5346
8835,T,C,0,177.075
8887,X,X,1,4.03223
9627,X,X,1,50.3006
10029,C,T,0,228.42
10206,X,X,1,16.1312
10449,C,A,0,228.365
11282,X,X,1,228.047
11537,A,G,0,228.376
12196,X,X,1,33.6264
13195,T,C,0,228.368
14408,C,T,0,228.326
15240,C,T,0,228.392
18163,A,G,0,60.9881
20207,X,X,1,52.4735
21762,C,T,0,192.421
21764,X,X,1,228.363
21846,C,T,0,222.426
21986,X,X,1,228.326
21995,T,G,0,57.2947
22578,G,A,0,225.417
22599,G,A,0,228.408
22673,T,C,0,228.129
22674,C,T,0,208.128
22679,T,C,0,225.357
22686,C,T,0,228.336
22992,G,A,0,228.412
22995,C,A,0,228.41
23013,A,C,0,228.415
23040,A,G,0,228.4
23048,G,A,0,228.336
23055,A,G,0,228.306
23063,A,T,0,228.427
23075,T,C,0,228.39
23202,C,A,0,228.429
23403,A,G,0,201.416
23525,C,T,0,225.417
23599,T,G,0,228.367
23604,C,A,0,225.417
23666,X,X,1,66.4013
23948,G,T,0,228.401
24130,C,A,0,228.423
24424,A,T,0,166.606
24469,T,A,0,228.366
24503,C,T,0,228.212
25000,C,T,0,225.417
25584,C,T,0,228.408
26270,C,T,0,132.259
26530,A,G,0,223.386
26561,X,X,1,31.392
26577,C,G,0,195.93
26709,G,A,0,214.354
27259,A,C,0,228.35
27791,X,X,1,8.33165
27807,C,T,0,228.413
28271,A,T,0,228.407
28311,C,T,0,228.318
28363,A,T,0,77.9884
28881,G,A,0,228.374
28882,G,A,0,228.359
28883,G,C,0,228.427
